{"Checkpoint-10-SEQ-1-PRED-20210903-1639.model": {"name": "Checkpoint-10-SEQ-1-PRED-20210903-1639.model", "features": ["close", "amount", "t10y", "fr007_5y", "pct_chg", "avg_chg_10", "spread_t10y", "spread_fr007", "spread_fr007_5y", "spread_usdcny"], "scaled_feats": ["close", "amount", "t10y", "fr007_5y", "spread_usdcny"], "stats": {"type": "zscore", "close": {"mean": 3.883674770322847, "std": 0.328765562337498}, "amount": {"mean": 51551617.71561772, "std": 64146530.42080725}, "fr007": {"mean": 2.852913752913756, "std": 0.4529348296175155}, "t10y": {"mean": 3.3717997668997666, "std": 0.3315876112290674}, "fr007_5y": {"mean": 3.366225757575758, "std": 0.46501720548934217}, "spread_usdcny": {"mean": -2.8940928287447534, "std": 0.49328687595171894}}}, "0.626-1d_fwd-XGB-20210618-1454-v2016.pkl": {"name": "0.626-1d_fwd-XGB-20210618-1454-v2016.pkl", "features": ["spread_usdcny", "spread_t1y", "close", "spread_fr007", "fr007_chg_5", "avg_chg_5", "pct_chg", "avg_chg_10", "usdcny_chg_5"], "scaled_feats": null, "stats": null}, "0.605-1d_fwd-RFC-20210619-1346-v2018.pkl": {"name": "0.605-1d_fwd-RFC-20210619-1346-v2018.pkl", "features": ["spread_usdcny", "spread_t1y", "close", "spread_fr007", "fr007_chg_5", "avg_chg_5", "pct_chg", "avg_chg_10", "usdcny_chg_5"], "scaled_feats": null, "stats": null}}